<?xml version="1.0" encoding="UTF-8"?>

<fontFamilies>

	<fontFamily name="Pictonic">
		<normal>net/sf/jasperreports/pictonic/render/resources/font/pictonic.ttf</normal>
		<pdfEncoding>Identity-H</pdfEncoding>
		<pdfEmbedded>true</pdfEmbedded>
		<exportFonts>
			<export key="net.sf.jasperreports.html">Pictonic, 'Times New Roman', Times, serif</export>
			<export key="net.sf.jasperreports.xhtml">Pictonic, 'Times New Roman', Times, serif</export>
		</exportFonts>
	</fontFamily>

</fontFamilies>
